ID,Question,Manual Answer,Manual Document,Manual Page,Time Seconds,Timeout,Reference Answer,Expected Document,Expected Page,Manual Answer Correct,Manual Source Correct
Q20,How are the two main PE6203 assessment projects weighted and are they team or individual?,CA1: 40% (Team); CA2: 60% (Individual),D4,5,241.02,Y,CA1 Foundations of Generative AI project is 40% and is a team assessment. CA2 Agentic AI Implementation Project is 60% and is individual.,D4,5,,
Q29,Under what types of Board of Discipline sanctions does a student have a right of appeal to the Appeal Committee?,A student has a right of appeal to the Appeal Committee if the Board of Discipline has:,1. expelled the student;,"2. suspended or excluded the student from the University, a programme/course, or an examination;",2.73,N,"A right of appeal exists if the student is expelled, suspended or excluded, fined more than $5,000, or deprived of a degree, diploma, certificate or other academic distinction.",D6,2,,
Q23,Who are the instructors listed for PE6202 in the MSEAI Trimester 1 Course Synopsis?,"4. deprived the student of a degree, diploma, certificate, or other academic distinction.Mr Yong Heng Tan (Michael) and Mr Shankar Krishnamurthy",D5,1,75.95,N,Mr Yong Heng Tan (Michael) and Mr Shankar Krishnamurthy.,D5,1,,
Q09,When is A2 Applied AI System due?,"13 September 2026, 23:59 SGT",D2,1,28.21,N,A2 Applied AI System is due on 13 September 2026 at 23:59 SGT.,D2,1,,
Q44,How recent must course credits or qualifications generally be to be considered for transfer of credits or course exemptions?,Within the last 5 years from the date of the approved application.,D10,12,34.41,N,They must have been earned within the last five years from the date of the approved application.,D10,12,,
Q18,What does ILO 3 of PE6203 require students to be able to do?,"Design and implement agentic AI workflows involving reasoning, tools, skills, memory, harness, and multi-agent orchestration.",D4,2,72.31,N,"Students should be able to design and implement agentic AI workflows involving reasoning, tools, skills, memory, harness and multi-agent orchestration.",D4,2,,
Q37,Why should a supervisor not judge plagiarism only from the overall TurnItIn matching percentage?,jkflqurehfihfruiqrhfiqwfiqwufg,dn,2,52.12,N,Because the percentage does not show the context of the matching text. Supervisors must examine the matched sections qualitatively to determine whether the overlap is legitimate or plagiarism.,D8,1,,
Q07,When is the PE6201 End-of-Course Project Problem Statement due?,uhefdoweufuefhwugfwiuefhpuhfruffccnmxjviwuefhw,dj,9,42.78,N,The Problem Statement is due on 23 August 2026 at 23:59 SGT.,D2,1,,
Q50,What is the deadline for appealing against academic termination and how many appeals are allowed per candidature?,"Within 2 weeks after the release of course results or before the start of the next term, whichever is earlier; only one appeal is allowed per candidature.",D10,16,25.99,N,"The appeal must be submitted to the relevant School within two weeks after the release of course results or before the start of the next term, whichever is earlier. Only one appeal is allowed per candidature.",D10,16,,
Q26,How does NTU Statute 6 define expulsion?,"Termination of candidature/enrolment and cessation of all student rights and privileges, including the right to re-enrol.",D6,1,55.75,N,"Expulsion means termination of a student's candidature or enrolment and cessation of all rights and privileges as a student, including the right to re-enrol.",D6,1,,
Q42,Where should the declaration of authorship form be placed for a hardcopy assignment?,Attach it to the front page of the written assignment.,D9,1,35.15,N,The hardcopy declaration of authorship form should be attached to the front page of the written assignment.,D9,1,,
Q21,What are valid reasons for absence in PE6203 and are make-up opportunities provided for in-class activities?,"Illness supported by a medical certificate, or participation in NTU-approved activities supported by an excuse letter; no make-up opportunities are provided for in-class activities.",D4,6,82.36,N,Valid reasons include illness supported by a medical certificate and participation in NTU-approved activities supported by an excuse letter. There are no make-up opportunities for in-class activities.,D4,6,,
Q14,What is the Week 3 topic in PE6202?,PDF Data Extraction with Machine Learning.,D3,2,70.63,N,The Week 3 topic is PDF Data Extraction with Machine Learning.,D3,2,,
Q40,Give two examples of plagiarism listed in the Academic Integrity document other than submitting identical work for different courses.,Using words/images/ideas without proper acknowledgement; copying work from the internet or another source and presenting it as one’s own.,D9,1,79.63,N,"Examples include using words, images, diagrams, graphs or ideas without proper acknowledgement, and copying work from the internet or another source and presenting it as one's own.",D9,1,,
Q10,What must a student submit for A1 Foundations Build?,"One ZIP containing three notebooks, one combined write-up (≤1,200 words, PDF), and a self-appraisal cover sheet.",D2,1,86.63,N,"One ZIP containing three notebooks, one combined write-up of no more than 1,200 words in PDF format, and a self-appraisal cover sheet.",D2,1,,
Q06,What two independent signals are required before a documented non-contributor can receive zero for A2?,jhdcchbwqkifwliufrbre,xn,2,11.51,N,A majority of teammates must flag the member through NTU's peer-rating tool and there must be no traceable work in the Git commit history or contribution log; this must also be confirmed by the instructor or TA.,D1,11,,
Q15,What must students build and demonstrate for PE6202 Group Project 1?,ueubfcnqoieesjiuuwiuiwioe,wo,e,102.81,N,"Students must build and demonstrate three of five automation components: UI, Data, PDF, Email and Agentic.",D3,3,,
Q11,What submission time and platform generally apply to PE6201 assessments?,23:59 SGT; submit via NTULearn unless the brief says otherwise.,D2,1,91.06,N,Submission times are 23:59 SGT and submissions go to NTULearn unless a brief states otherwise.,D2,1,,
Q41,What must students attach when submitting an online or softcopy assignment if a declaration of authorship is required?,A softcopy of the signed declaration of authorship form attached together with the assignment as one document.,D9,1,58.23,N,They must attach a softcopy of the signed declaration of authorship form together with the assignment as one document.,D9,1,,
Q32,How does the NTU Open Access Policy define open access?,"Open access is the online availability of scholarly work via the internet, free of charge to individuals who wish to access and read it.",D7,1,59.25,N,"Open access is the online availability of scholarly work via the internet, free of charge to individuals who wish to access and read it.",D7,1,,
Q22,Who is listed as the instructor for PE6201 in the MSEAI Trimester 1 Course Synopsis?,Mr Ajay Vikram Singh,D5,1,61.97,N,Mr Ajay Vikram Singh.,D5,1,,
Q38,Can duplication between a student's published paper and thesis be acceptable?,"Yes. Duplication between a student's published paper and thesis can be acceptable, but it must comply with the journal publisher's copyright restrictions, and permission may be required.",D8,1,139.29,N,"Yes, but it must comply with copyright restrictions imposed by the journal publisher, and permission may be required.",D8,1,,
Q28,Who handles less serious misconduct and who handles serious misconduct under NTU's disciplinary structure?,"Less serious misconduct is handled at the College, School or Department level through a Preliminary Inquiry (PI), Committee of Inquiry (COI), or equivalent. Serious misconduct is handled by the university-level Board of Discipline (BOD).",D6,1,96.03,N,"Less serious misconduct is handled at College, School or Department level through a Preliminary Inquiry, Committee of Inquiry or equivalent. Serious misconduct is handled by the university-level Board of Discipline.",D6,1,,
Q16,When are the two PE6202 quizzes held and what weeks do they cover?,Quiz 1 is held in Week 6 and covers Weeks 1–5. Quiz 2 is held in Week 12 and covers Weeks 7–11.,D3,3,10.63,N,Quiz 1 is held in Week 6 and covers Weeks 1–5. Quiz 2 is held in Week 12 and covers Weeks 7–11.,D3,3,,
Q46,How long before course registration must students clear outstanding fees?,At least 3 working days before course registration.,D10,13,54.45,N,Outstanding fees must be cleared at least three working days before course registration.,D10,13,,
Q13,Does PE6202 have any prerequisites?,No. PE6202 has no prerequisites.,D3,1,77.54,N,No. PE6202 lists no prerequisites.,D3,1,,
Q33,What are the typical embargo periods described in the Open Access Policy?,"Typical embargo periods range from 6 to 24 months, although some publishers may require an embargo of up to 48 months.",D7,2,69.47,N,"Typical embargo periods range from 6 to 24 months, although some publishers may require an embargo of up to 48 months.",D7,2,,
Q47,What notation appears on the transcript if a course is dropped after the Add/Drop period but before the withdrawal deadline?,A 'W' notation for Withdrawal appears on the transcript.,D10,13,47.08,N,A 'W' notation for Withdrawal appears on the transcript.,D10,13,,
Q08,When is A1 Foundations Build due?,30 August 2026 at 23:59 SGT.,D2,1,96.4,N,A1 Foundations Build is due on 30 August 2026 at 23:59 SGT.,D2,1,,
Q39,How is plagiarism defined in the Academic Integrity document?,Plagiarism is using or passing off another person's writings or ideas without acknowledging or crediting the source.,D9,1,67.13,N,Plagiarism is using or passing off another person's writings or ideas without acknowledging or crediting the source.,D9,1,,
Q45,What are the general maximum credit transfer or course exemption limits for MbC and MbR programmes?,MbC: up to 20% of the total AU requirements.,MbR: up to 50% of the total AU requirements.,,48.91,N,"Up to 20% of total AU requirements for Master by Coursework programmes and up to 50% for Master by Research programmes, unless otherwise specified.",D10,12,,
Q24,Who is listed as the instructor for PE6204?,可及时发布9企鹅8恢复了全部佛；IH,dj,3,11.51,N,Mr Ong Chin Ann.,D5,2,,
Q02,How many Academic Units and contact hours does PE6201 have?,PE6201 has 1.5 Academic Units (AU) and 19.5 contact hours.,D1,1,47.03,N,PE6201 has 1.5 AU and 19.5 contact hours.,D1,1,,
Q05,What paired coding activity is planned for Week 2 of PE6201?,Build a minimal RAG end-to-end stack.,D1,6,80.34,N,Students undertake a paired coding activity to build a minimal RAG end-to-end stack.,D1,6,,
Q12,How many Academic Units and contact hours does PE6202 have?,PE6202 has 3 Academic Units (AU) and 39 contact hours.,D3,1,49.23,N,PE6202 has 3 AU and 39 contact hours.,D3,1,,
Q27,How does NTU Statute 6 define suspension?,Suspension means the temporary debarment of a student from the University and the withdrawal of all rights and privileges as a student for a specified period or until specified conditions are fulfilled.,D6,1,43.1,N,Suspension means temporary debarment from the University and withdrawal of all student rights and privileges for a specified period or until specified conditions are fulfilled.,D6,1,,
Q49,What grade point is assigned to a B+ grade in the NTU graduate grading system?,A B+ grade is assigned a grade point of 4.00.,D10,14,63.03,N,A B+ has a grade point of 4.00.,D10,14,,
Q19,In which week of PE6203 is Retrieval-Augmented Generation scheduled?,Retrieval-Augmented Generation (RAG) is scheduled for Week 4.,D4,4,57.8,N,Retrieval-Augmented Generation is scheduled for Week 4.,D4,4,,
Q04,What does ILO 1 of PE6201 require students to be able to do?,"Students should be able to distinguish emerging AI technologies—including discriminative ML, foundation models, retrieval-augmented systems, agentic systems, multimodal architectures, and physical AI—and select appropriate techniques for given business problem classes.",D1,2,64.76,N,"Students should distinguish emerging AI technologies including discriminative ML, foundation models, retrieval-augmented systems, agentic systems, multimodal architectures and physical AI, and select appropriate techniques for given business problem classes.",D1,2,,
Q31,When did NTU's Open Access Policy take effect?,uewdnxjioefnfhyyfrj fisgkfhf,j,3,11.85,N,The Open Access Policy took effect on 8 August 2011.,D7,1,,
Q34,What three approaches can NTU faculty and staff use to make their publications open access?,"1. Deposit the accepted version in DR-NTU (or the NIE repository, if applicable).","2. Deposit it in another reputable non-profit open-access repository, with the publication metadata and link shown in DR-NTU.","3. Publish the paper as an open-access publication, with the publication metadata and link shown in DR-NTU.",51.59,N,"They may deposit the accepted version in DR-NTU or the NIE repository, deposit it in another reputable non-profit OA repository with metadata and a link presented in DR-NTU, or publish the paper as an OA publication with metadata and the link presented in DR-NTU.",D7,2,,
Q17,How many Academic Units and contact hours does PE6203 have?,PE6203 has 3 Academic Units (AU) and 39 contact hours.,D4,1,56.05,N,PE6203 has 3 AU and 39 contact hours.,D4,1,,
Q36,Why are anti-plagiarism checks performed on Masters and PhD theses?,"To prevent plagiarism in completed theses, especially before they are submitted for external examination.",D8,1,46.81,N,"They are performed to prevent plagiarism in completed theses, especially before submission for external examination.",D8,1,,
Q30,Can information about NTU disciplinary proceedings normally be disclosed or shared by students or hearing attendees?,"No. NTU disciplinary proceedings are confidential. Information must not be disclosed, published, or shared by the student concerned or hearing attendees unless prior written consent from the Board of Discipline (BOD) is obtained.",D6,3,46.4,N,"No. Disciplinary proceedings are confidential and such information must not be disclosed, published or shared unless prior written consent of the Board of Discipline is obtained.",D6,3,,
Q48,What is the maximum academic load for a full-time coursework student in a trimester?,"The maximum academic load is 12 AU per trimester for a full-time coursework student, subject to programme-specific requirements.",D10,13,62.15,N,"The maximum is 12 AU per trimester, subject to programme-specific requirements.",D10,13,,
Q03,Which courses list PE6201 as a prerequisite?,PE6201 is a prerequisite for PE6207 AI Ecosystems and PE6211 Agile Product Development.,D1,1,48.19,N,PE6201 is a prerequisite to PE6207 AI Ecosystems and PE6211 Agile Product Dev.,D1,1,,
Q01,What is the course code and title of Emerging AI Technologies?,The course code and title are PE6201 Emerging AI Technologies.,D1,1,59.98,N,The course is PE6201 Emerging AI Technologies.,D1,1,,
Q43,How is the NTU academic year structured for graduate programmes?,"The NTU academic year comprises two semesters or three trimesters. Each semester has 13 teaching weeks followed by 3 weeks for revision and examinations, while each trimester has 12 teaching weeks and 1 examination week.",D10,4,56.77,N,"The academic year comprises two semesters or three trimesters. Each semester has 13 teaching weeks followed by 3 weeks for revision and examinations, while each trimester has 12 teaching weeks and 1 examination week.",D10,4,,
Q25,How many contact hours and Academic Units does PE6204 have?,PE6204 has 19.5 contact hours and 1.5 Academic Units (AU).,D5,2,43.69,N,PE6204 has 19.5 contact hours and 1.5 AU.,D5,2,,
Q35,What reasons may justify an exemption from depositing the full text of a higher degree thesis in DR-NTU?,"Possible reasons include confidentiality, sensitivity, security concerns, or obligations to third parties.",D7,3,70.8,N,"Possible reasons include confidentiality, sensitivity, security concerns or obligations to third parties.",D7,3,,
