ID,RAG_Time_s,RAG_Correct,CtrlF_Time_s,Timeout,CtrlF_Correct,Time_Saved_s,Saving_Percent,Speedup_x
Q01,4.09,True,59.98,False,True,55.89,93.18106035345116,14.665036674816626
Q02,3.27,True,47.03,False,True,43.76,93.04699128216032,14.382262996941897
Q03,2.83,True,48.19,False,True,45.36,94.12741232620876,17.02826855123675
Q04,5.03,False,64.76,False,True,59.730000000000004,92.23285978999382,12.874751491053678
Q05,2.47,False,80.34,False,True,77.87,96.92556634304206,32.526315789473685
Q06,4.37,True,11.51,False,True,7.14,62.033014769765416,2.6338672768878717
Q07,3.67,True,42.78,False,True,39.11,91.42122487143524,11.656675749318802
Q08,2.27,True,96.4,False,True,94.13000000000001,97.64522821576764,42.46696035242291
Q09,1.97,True,28.21,False,True,26.240000000000002,93.01666075859625,14.319796954314722
Q10,3.77,True,86.63,False,True,82.86,95.6481588364308,22.978779840848805
Q11,3.47,True,91.06,False,True,87.59,96.18932571930596,26.24207492795389
Q12,1.65,True,49.23,False,True,47.58,96.64838513101768,29.836363636363636
Q13,2.91,True,77.54,False,True,74.63000000000001,96.24709827185968,26.646048109965637
Q14,1.6,False,70.63,False,True,69.03,97.73467365142292,44.14375
Q15,2.72,False,102.81,False,True,100.09,97.35434296274683,37.79779411764706
Q16,3.28,False,10.63,False,True,7.350000000000001,69.1439322671684,3.2408536585365857
Q17,1.39,True,56.05,False,True,54.66,97.52007136485281,40.32374100719424
Q18,1.95,False,72.31,False,True,70.36,97.30327755497164,37.08205128205128
Q19,1.89,True,57.8,False,True,55.91,96.73010380622837,30.582010582010582
Q20,2.92,False,241.02,True,False,238.10000000000002,98.78848228362791,82.54109589041096
Q21,1.97,True,82.36,False,True,80.39,97.60806216610005,41.807106598984774
Q22,1.53,True,61.97,False,True,60.44,97.53106341778279,40.50326797385621
Q23,2.78,True,75.95,False,True,73.17,96.33969716919026,27.32014388489209
Q24,1.44,True,11.51,False,True,10.07,87.48913987836664,7.993055555555555
Q25,2.98,True,43.69,False,True,40.71,93.1792172121767,14.661073825503355
Q26,2.03,True,55.75,False,True,53.72,96.35874439461884,27.46305418719212
Q27,2.11,True,43.1,False,True,40.99,95.10440835266822,20.42654028436019
Q28,3.43,True,96.03,False,True,92.6,96.42819952098301,27.997084548104954
Q29,2.52,True,2.73,False,True,0.20999999999999996,7.692307692307692,1.0833333333333333
Q30,2.04,True,46.4,False,True,44.36,95.60344827586206,22.745098039215684
Q31,1.45,True,11.85,False,True,10.4,87.76371308016878,8.172413793103448
Q32,1.71,True,59.25,False,True,57.54,97.1139240506329,34.64912280701755
Q33,2.21,True,69.47,False,True,67.26,96.81877069238521,31.43438914027149
Q34,2.62,True,51.59,False,True,48.970000000000006,94.92149641403374,19.69083969465649
Q35,2.07,True,70.8,False,True,68.73,97.07627118644069,34.20289855072464
Q36,2.33,True,46.81,False,True,44.480000000000004,95.02243110446487,20.09012875536481
Q37,2.6,True,52.12,False,True,49.519999999999996,95.01151189562547,20.046153846153846
Q38,2.89,True,139.29,False,True,136.4,97.92519204537298,48.19723183391003
Q39,3.06,True,67.13,False,True,64.07,95.44168032176373,21.937908496732025
Q40,2.36,True,79.63,False,True,77.27,97.03629285445184,33.74152542372882
Q41,1.76,True,58.23,False,True,56.47,96.97750300532371,33.08522727272727
Q42,1.42,True,35.15,False,True,33.73,95.96017069701279,24.753521126760564
Q43,1.78,True,56.77,False,True,54.99,96.86454113087898,31.893258426966295
Q44,1.72,True,34.41,False,True,32.69,95.0014530659692,20.00581395348837
Q45,2.44,True,48.91,False,True,46.47,95.01124514414231,20.045081967213115
Q46,1.68,True,54.45,False,True,52.77,96.9146005509642,32.41071428571429
Q47,2.12,True,47.08,False,True,44.96,95.49702633814783,22.20754716981132
Q48,1.71,True,62.15,False,True,60.44,97.24859211584875,36.345029239766085
Q49,1.89,True,63.03,False,True,61.14,97.00142789148025,33.349206349206355
Q50,1.72,True,25.99,False,True,24.27,93.38207002693343,15.11046511627907
