ID,Question,Type,Expected Answer,Expected Source,Top1 Score,Top1 Document,Top1 Page,Predicted Status,Model Answer,Cited Documents,Response Seconds,Input Tokens,Output Tokens,Total Tokens,Answer Correct,Citation Correct,Citation Minimal,Review Notes
DEV01,PE6201的End-of-Course Project占总成绩多少？,answerable,44%,D2,0.5466,D2,1,ANSWERED,PE6201的End-of-Course Project占总成绩的44%。[SOURCE 1][SOURCE 4][SOURCE 5],"D2,D1",2.12,2724,29,2753,Y,Y,N,
DEV02,One Academic Unit is equivalent to how many teaching hours?,answerable,13 hours,D10,0.4687,D10,13,ANSWERED,One Academic Unit (AU) is equivalent to 13 teaching hours [SOURCE 4].,D10,1.43,2452,19,2471,Y,Y,Y,
DEV03,What is the minimum CGPA for graduation from a coursework programme?,answerable,2.50,D10,0.5983,D10,15,ANSWERED,The minimum CGPA required for graduation from a coursework programme at NTU is 2.50 [SOURCE 3].,D10,1.48,2032,25,2057,Y,Y,Y,
DEV04,PE6202 has a final examination吗？,answerable,No,D3,0.4089,D2,1,ANSWERED,PE6202课程没有期末考试。根据提供的NTU文件，PE6201课程的评估完全由持续评估组成，包括作业、项目和课堂参与，没有提到期末考试；而PE6203明确说明没有期末考试，所有评估均为持续评估。虽然没有直接提到PE6202，但从PE6201和PE6203的评估结构推断，PE6202也应无期末考试。[SOURCE 1][SOURCE 3][SOURCE 4][SOURCE 5],"D2,D4,D1",1.96,2256,115,2371,Y,N,N,
DEV05,Who does the NTU Open Access Policy apply to?,answerable,"Faculty, staff and higher-degree research students",D7,0.7375,D7,1,ANSWERED,"The NTU Open Access Policy applies to all NTU faculty, staff, and higher degree (PhD and Masters by research) students. It covers faculty and staff publications as well as higher degree theses [SOURCE 1].",D7,1.71,2303,46,2349,Y,Y,Y,
DEV06,Can a student submit identical work for different courses?,answerable,No / academic integrity issue,D9,0.4758,D9,1,ANSWERED,"No, a student cannot submit identical work for different courses. Submitting identical work for different courses is considered a form of plagiarism and is not condoned under NTU's Academic Integrity policy [SOURCE 1].",D9,22.81,1958,43,2001,Y,Y,Y,
DEV07,What is PE6203 about?,answerable,Generative AI and Agentic AI,D4,0.3679,D4,1,ANSWERED,"PE6203 is a course titled ""Generative AI and Agentic AI."" It introduces the foundations and practical implementation of Generative AI and Agentic AI systems. Students learn core concepts behind modern generative models such as large language models, multimodal models, prompting techniques, retrieval-augmented generation, and AI application development. The course then covers agentic AI, focusing on designing, orchestrating, and evaluating autonomous and tool-using AI systems in real-world workflows. Through hands-on exercises and project-based learning, students gain practical experience in building AI-powered applications and multi-agent systems using modern frameworks and APIs. The course is designed for working professionals aiming to develop applied knowledge and implementation skills relevant to AI-driven industries, digital transformation, and next-generation intelligent systems. It carries 3 academic units and involves 39 contact hours [SOURCE 4].",D5,2.44,2139,171,2310,Y,Y,Y,
DEV08,What sanctions can the Board of Discipline impose?,answerable,"Warning, fine, suspension, expulsion, etc.",D6,0.5296,D6,2,ANSWERED,"The Board of Discipline (BOD) can impose the following sanctions on a student found guilty of a disciplinary offence:

(a) Issue a letter of warning to the student;  
(b) Stipulate a written undertaking by the student, including conditions and further sanctions if not met;  
(c) Require restitution accepted by the student, complainant, and BOD;  
(d) Stipulate any form of service contributing to the welfare of the student community as a penalty;  
(e) Mandate counselling or medical treatment;  
(f) Deprive the student of a pass in any examination, assignment, quiz, or class test;  
(g) Impose a fine not exceeding $10,000;  
(h) Expel or suspend the student permanently or temporarily, including exclusion from the University, programmes, courses, or examinations;  
(i) Deprive the student of any degree, diploma, certificate, or academic distinction awarded or to be awarded.

Only students expelled, suspended, fined more than $5,000, or deprived of academic awards have the right to appeal to the Appeal Committee [SOURCE 1], [SOURCE 2].",D6,3.87,2279,232,2511,Y,Y,Y,
DEV09,How many AUs does MSc Enterprise Artificial Intelligence require?,answerable,30 AU,D10,0.6119,D5,1,ANSWERED,"The MSc Enterprise Artificial Intelligence requires a total of 30 Academic Units (AUs) for graduation. Specifically, the courses PE6201 Emerging AI Technologies and PE6202 AI Automation & Application in Enterprise contribute 1.5 AU and 3 AU respectively towards this requirement [SOURCE 1], [SOURCE 2], [SOURCE 5].","D5,D10,D4",1.83,2340,70,2410,Y,Y,N,
DEV10,What percentage is Class Participation in PE6201?,answerable,20%,D2,0.4807,D1,11,ANSWERED,"Class Participation in PE6201 accounts for 20% of the total grade. It is assessed across all 6 sessions using Rubric 3, evaluating quality of preparation, active engagement, and synthesis. NTU absenteeism policy applies, and unexcused absences reduce the participation grade [SOURCE 1], [SOURCE 4], [SOURCE 5].","D1,D2",1.82,2371,74,2445,Y,Y,N,
DEV11,新加坡明天天气怎么样？,unanswerable,ABSTAIN,,0.274,D10,3,ABSTAIN,I cannot answer this question based on the provided NTU documents.,,0.52,0,0,0,Y,N/A,N/A,
DEV12,Who is the current Prime Minister of Singapore?,unanswerable,ABSTAIN,,0.3066,D3,7,ABSTAIN,I cannot answer this question based on the provided NTU documents.,,0.43,0,0,0,Y,N/A,N/A,
DEV13,What is the tuition fee for NUS MBA?,unanswerable,ABSTAIN,,0.4723,D10,10,ABSTAIN,I cannot answer this question based on the provided NTU documents.,,1.35,2147,14,2161,Y,N/A,N/A,
DEV14,What is Bitcoin's price today?,unanswerable,ABSTAIN,,0.085,D3,7,ABSTAIN,I cannot answer this question based on the provided NTU documents.,,0.4,0,0,0,Y,N/A,N/A,
DEV15,What is my personal NTU GPA?,unanswerable,ABSTAIN,,0.5091,D3,6,ABSTAIN,I cannot answer this question based on the provided NTU documents.,,1.91,1910,14,1924,Y,N/A,N/A,
