ID,Question,Type,Expected Answer,Expected Source,Top1 Score,Top1 Document,Top1 Page,Predicted Status,Model Answer,Cited Documents,Response Seconds,Input Tokens,Output Tokens,Total Tokens
DEV01,PE6201的End-of-Course Project占总成绩多少？,answerable,44%,D2,0.5466,D2,1,ANSWERED,"PE6201的End-of-Course Project占总成绩的44%。[SOURCE 1], [SOURCE 4], [SOURCE 5]","D2,D1",1.95,2830,31,2861
DEV02,One Academic Unit is equivalent to how many teaching hours?,answerable,13 hours,D10,0.4687,D10,13,ANSWERED,One Academic Unit (AU) is equivalent to 13 teaching hours [SOURCE 4].,D10,1.49,2558,19,2577
DEV03,What is the minimum CGPA for graduation from a coursework programme?,answerable,2.50,D10,0.5982,D10,15,ANSWERED,The minimum CGPA required for graduation from a coursework programme at NTU is 2.50 [SOURCE 3].,D10,1.49,2138,25,2163
DEV04,PE6202 has a final examination吗？,answerable,No,D3,0.3605,D4,1,ANSWERED,"Based on the provided NTU documents, PE6202 does not have a final examination. The assessment for PE6202 is entirely continuous assessment, including components such as class participation, quizzes, and group projects, with no final exam mentioned [SOURCE 4].",D4,1.84,2423,53,2476
DEV05,Who does the NTU Open Access Policy apply to?,answerable,"Faculty, staff and higher-degree research students",D7,0.7375,D7,1,ANSWERED,"The NTU Open Access Policy applies to all NTU faculty, staff, and higher degree (PhD and Masters by research) students. It covers faculty and staff publications as well as higher degree theses [SOURCE 1].",D7,2.49,2409,46,2455
DEV06,Can a student submit identical work for different courses?,answerable,No / academic integrity issue,D9,0.4758,D9,1,ANSWERED,"No, a student cannot submit identical work for different courses. Submitting identical work for different courses is considered a form of plagiarism and is not condoned under NTU's Academic Integrity policy [SOURCE 1].",D9,1.71,2064,43,2107
DEV07,What is PE6203 about?,answerable,Generative AI and Agentic AI,D4,0.3679,D4,1,ANSWERED,"PE6203, titled ""Generative AI and Agentic AI,"" introduces the foundations and practical implementation of Generative AI and Agentic AI systems. The course covers core concepts behind modern generative models such as large language models, multimodal models, prompting techniques, retrieval-augmented generation, and AI application development. It then progresses to agentic AI, focusing on the design, orchestration, and evaluation of autonomous and tool-using AI systems in real-world workflows. Through hands-on exercises and project-based learning, students gain practical experience in building AI-powered applications and multi-agent systems using modern frameworks and APIs. The course is designed for working professionals aiming to develop applied knowledge and implementation skills relevant to AI-driven industries, digital transformation, and next-generation intelligent systems. It carries 3 academic units and involves 39 contact hours [SOURCE 2], [SOURCE 3].","D5,D3",2.77,1917,176,2093
DEV08,What sanctions can the Board of Discipline impose?,answerable,"Warning, fine, suspension, expulsion, etc.",D6,0.5296,D6,2,ANSWERED,"The Board of Discipline (BOD) can impose the following sanctions if it finds a student guilty of a disciplinary offence:

(a) Issue a letter of warning to the student;  
(b) Stipulate a written undertaking by the student, including a statement on further sanctions if conditions of the undertaking are not met;  
(c) Require any restitution by the student that is accepted by the student, the complainant, and the BOD to constitute full resolution of the complaint;  
(d) Stipulate any form of service contributing to the welfare of the student community as an appropriate penalty;  
(e) Mandate counselling by the University Counselling Centre or medical treatment by a qualified medical practitioner;  
(f) Deprive the student of a pass in the whole or part of any examination, assignment, quiz, or class test;  
(g) Impose a fine not exceeding $10,000;  
(h) Expel or suspend the student permanently or temporarily, including exclusion from the University or any part of it, programmes, courses, or examinations, or deprive the student of matriculated or registered status;  
(i) Deprive the student of any degree, diploma, certificate, or other academic distinction to be awarded or previously awarded.

Only students who are expelled, suspended, fined more than $5,000, or deprived of academic awards have the right to appeal to the Appeal Committee [SOURCE 1], [SOURCE 2].",D6,3.48,2385,292,2677
DEV09,How many AUs does MSc Enterprise Artificial Intelligence require?,answerable,30 AU,D10,0.6119,D5,1,ANSWERED,The MSc Enterprise Artificial Intelligence requires a total of 30 Academic Units (AUs) for graduation [SOURCE 2].,D10,1.43,2446,25,2471
DEV10,What percentage is Class Participation in PE6201?,answerable,20%,D2,0.4807,D1,11,ANSWERED,"Class Participation in PE6201 accounts for 20% of the total grade. It is assessed across all 6 sessions using Rubric 3, evaluating quality of preparation, active engagement, and synthesis. NTU absenteeism policy applies, and unexcused absences reduce the participation grade [SOURCE 1], [SOURCE 4], [SOURCE 5].","D1,D2",1.89,2477,74,2551
DEV11,新加坡明天天气怎么样？,unanswerable,ABSTAIN,,0.2741,D10,3,ABSTAIN,I cannot answer this question based on the provided NTU documents.,,0.47,0,0,0
DEV12,Who is the current Prime Minister of Singapore?,unanswerable,ABSTAIN,,0.3066,D3,7,ABSTAIN,I cannot answer this question based on the provided NTU documents.,,0.5,0,0,0
DEV13,What is the tuition fee for NUS MBA?,unanswerable,ABSTAIN,,0.4723,D10,10,ABSTAIN,I cannot answer this question based on the provided NTU documents.,,1.51,2253,14,2267
DEV14,What is Bitcoin's price today?,unanswerable,ABSTAIN,,0.0851,D3,7,ABSTAIN,I cannot answer this question based on the provided NTU documents.,,0.44,0,0,0
DEV15,What is my personal NTU GPA?,unanswerable,ABSTAIN,,0.5092,D3,6,ABSTAIN,I cannot answer this question based on the provided NTU documents.,,1.4,2016,14,2030
