Category,Metric,Value,Denominator,Percentage,Unit,Note
Evaluation Design,Answerable Questions,50,,,questions,
Evaluation Design,Unanswerable Questions,10,,,questions,
Evaluation Design,Total Formal Test Questions,60,,,questions,
Answer Quality,Correct Answers,43,50,86.0%,questions,Human review against reference answers.
Answer Quality,Incorrect Answers,7,50,14.0%,questions,
Answer Quality,Success Target,43,50,86.0%,questions,Predefined target corresponding to at least 85%.
Answer Quality,Success Target Met,YES,,,,Actual result: 43/50.
Citation Quality,Valid Citation Cases,39,50,78.0%,questions,
Abstention,Correct Abstentions,10,10,100.0%,questions,
Retrieval,Document Recall@5,47,50,94.0%,questions,
Retrieval,Exact Evidence Recall@5,42,50,84.0%,questions,
Efficiency,RAG Mean Response Time,2.4378,,,seconds,
Efficiency,RAG Median Response Time,2.24,,,seconds,
Efficiency,Ctrl-F Mean Search Time,60.970200000000006,,,seconds,
Efficiency,Ctrl-F Median Search Time,57.285,,,seconds,
Efficiency,Ctrl-F Timeouts,1,50,,questions,
Efficiency,Mean Time Saved,58.5324,,,seconds/question,
Efficiency,Overall Mean-Time Saving,96.0016532666778,,96.00%,%,
Efficiency,Overall Speed-up,25.010337189269013,,,x,
Paired Efficiency,Both-correct Questions,43,50,,questions,
Paired Efficiency,Paired RAG Mean Time,2.3702325581395347,,,seconds,
Paired Efficiency,Paired Ctrl-F Mean Time,55.95372093023256,,,seconds,
Paired Efficiency,Paired Mean Time Saved,53.583488372093015,,,seconds,
Paired Efficiency,Paired Time Saving,95.76394113075176,,95.76%,%,
Paired Efficiency,Paired Speed-up,23.606848508634226,,,x,
Cost,Total Online API Cost,0.05883966,60,,USD,
Cost,Average Online API Cost per Question,0.000980661,,,USD/question,
Cost,Answerable Mean API Cost,0.0010464660000000002,,,USD/question,
Cost,Unanswerable Mean API Cost,0.0006516359999999999,,,USD/question,
Cost,Corpus Chunks,72,,,chunks,
Cost,Corpus Embedding Tokens,26269,,,tokens,
Cost,One-off Corpus Embedding Cost,0.00052538,,,USD,
Cost,Amortisation Query Volume,1000,,,queries,
Cost,Amortised Corpus Cost per Query,5.2538e-07,,,USD/query,
Cost,Average Cost incl. Amortised Corpus,0.00098118638,,,USD/query,
