ID,Question,Type,Reference Answer,Expected Document,Expected Page
"ID","Question","Type","Reference Answer","Expected Document","Expected Page"
"Q01","What is the course code and title of Emerging AI Technologies?","answerable","The course is PE6201 Emerging AI Technologies.","D1","1"
"Q02","How many Academic Units and contact hours does PE6201 have?","answerable","PE6201 has 1.5 AU and 19.5 contact hours.","D1","1"
"Q03","Which courses list PE6201 as a prerequisite?","answerable","PE6201 is a prerequisite to PE6207 AI Ecosystems and PE6211 Agile Product Dev.","D1","1"
"Q04","What does ILO 1 of PE6201 require students to be able to do?","answerable","Students should distinguish emerging AI technologies including discriminative ML, foundation models, retrieval-augmented systems, agentic systems, multimodal architectures and physical AI, and select appropriate techniques for given business problem classes.","D1","2"
"Q05","What paired coding activity is planned for Week 2 of PE6201?","answerable","Students undertake a paired coding activity to build a minimal RAG end-to-end stack.","D1","6"
"Q06","What two independent signals are required before a documented non-contributor can receive zero for A2?","answerable","A majority of teammates must flag the member through NTU's peer-rating tool and there must be no traceable work in the Git commit history or contribution log; this must also be confirmed by the instructor or TA.","D1","11"

"Q07","When is the PE6201 End-of-Course Project Problem Statement due?","answerable","The Problem Statement is due on 23 August 2026 at 23:59 SGT.","D2","1"
"Q08","When is A1 Foundations Build due?","answerable","A1 Foundations Build is due on 30 August 2026 at 23:59 SGT.","D2","1"
"Q09","When is A2 Applied AI System due?","answerable","A2 Applied AI System is due on 13 September 2026 at 23:59 SGT.","D2","1"
"Q10","What must a student submit for A1 Foundations Build?","answerable","One ZIP containing three notebooks, one combined write-up of no more than 1,200 words in PDF format, and a self-appraisal cover sheet.","D2","1"
"Q11","What submission time and platform generally apply to PE6201 assessments?","answerable","Submission times are 23:59 SGT and submissions go to NTULearn unless a brief states otherwise.","D2","1"

"Q12","How many Academic Units and contact hours does PE6202 have?","answerable","PE6202 has 3 AU and 39 contact hours.","D3","1"
"Q13","Does PE6202 have any prerequisites?","answerable","No. PE6202 lists no prerequisites.","D3","1"
"Q14","What is the Week 3 topic in PE6202?","answerable","The Week 3 topic is PDF Data Extraction with Machine Learning.","D3","2"
"Q15","What must students build and demonstrate for PE6202 Group Project 1?","answerable","Students must build and demonstrate three of five automation components: UI, Data, PDF, Email and Agentic.","D3","3"
"Q16","When are the two PE6202 quizzes held and what weeks do they cover?","answerable","Quiz 1 is held in Week 6 and covers Weeks 1–5. Quiz 2 is held in Week 12 and covers Weeks 7–11.","D3","3"

"Q17","How many Academic Units and contact hours does PE6203 have?","answerable","PE6203 has 3 AU and 39 contact hours.","D4","1"
"Q18","What does ILO 3 of PE6203 require students to be able to do?","answerable","Students should be able to design and implement agentic AI workflows involving reasoning, tools, skills, memory, harness and multi-agent orchestration.","D4","2"
"Q19","In which week of PE6203 is Retrieval-Augmented Generation scheduled?","answerable","Retrieval-Augmented Generation is scheduled for Week 4.","D4","4"
"Q20","How are the two main PE6203 assessment projects weighted and are they team or individual?","answerable","CA1 Foundations of Generative AI project is 40% and is a team assessment. CA2 Agentic AI Implementation Project is 60% and is individual.","D4","5"
"Q21","What are valid reasons for absence in PE6203 and are make-up opportunities provided for in-class activities?","answerable","Valid reasons include illness supported by a medical certificate and participation in NTU-approved activities supported by an excuse letter. There are no make-up opportunities for in-class activities.","D4","6"

"Q22","Who is listed as the instructor for PE6201 in the MSEAI Trimester 1 Course Synopsis?","answerable","Mr Ajay Vikram Singh.","D5","1"
"Q23","Who are the instructors listed for PE6202 in the MSEAI Trimester 1 Course Synopsis?","answerable","Mr Yong Heng Tan (Michael) and Mr Shankar Krishnamurthy.","D5","1"
"Q24","Who is listed as the instructor for PE6204?","answerable","Mr Ong Chin Ann.","D5","2"
"Q25","How many contact hours and Academic Units does PE6204 have?","answerable","PE6204 has 19.5 contact hours and 1.5 AU.","D5","2"

"Q26","How does NTU Statute 6 define expulsion?","answerable","Expulsion means termination of a student's candidature or enrolment and cessation of all rights and privileges as a student, including the right to re-enrol.","D6","1"
"Q27","How does NTU Statute 6 define suspension?","answerable","Suspension means temporary debarment from the University and withdrawal of all student rights and privileges for a specified period or until specified conditions are fulfilled.","D6","1"
"Q28","Who handles less serious misconduct and who handles serious misconduct under NTU's disciplinary structure?","answerable","Less serious misconduct is handled at College, School or Department level through a Preliminary Inquiry, Committee of Inquiry or equivalent. Serious misconduct is handled by the university-level Board of Discipline.","D6","1"
"Q29","Under what types of Board of Discipline sanctions does a student have a right of appeal to the Appeal Committee?","answerable","A right of appeal exists if the student is expelled, suspended or excluded, fined more than $5,000, or deprived of a degree, diploma, certificate or other academic distinction.","D6","2"
"Q30","Can information about NTU disciplinary proceedings normally be disclosed or shared by students or hearing attendees?","answerable","No. Disciplinary proceedings are confidential and such information must not be disclosed, published or shared unless prior written consent of the Board of Discipline is obtained.","D6","3"

"Q31","When did NTU's Open Access Policy take effect?","answerable","The Open Access Policy took effect on 8 August 2011.","D7","1"
"Q32","How does the NTU Open Access Policy define open access?","answerable","Open access is the online availability of scholarly work via the internet, free of charge to individuals who wish to access and read it.","D7","1"
"Q33","What are the typical embargo periods described in the Open Access Policy?","answerable","Typical embargo periods range from 6 to 24 months, although some publishers may require an embargo of up to 48 months.","D7","2"
"Q34","What three approaches can NTU faculty and staff use to make their publications open access?","answerable","They may deposit the accepted version in DR-NTU or the NIE repository, deposit it in another reputable non-profit OA repository with metadata and a link presented in DR-NTU, or publish the paper as an OA publication with metadata and the link presented in DR-NTU.","D7","2"
"Q35","What reasons may justify an exemption from depositing the full text of a higher degree thesis in DR-NTU?","answerable","Possible reasons include confidentiality, sensitivity, security concerns or obligations to third parties.","D7","3"

"Q36","Why are anti-plagiarism checks performed on Masters and PhD theses?","answerable","They are performed to prevent plagiarism in completed theses, especially before submission for external examination.","D8","1"
"Q37","Why should a supervisor not judge plagiarism only from the overall TurnItIn matching percentage?","answerable","Because the percentage does not show the context of the matching text. Supervisors must examine the matched sections qualitatively to determine whether the overlap is legitimate or plagiarism.","D8","1"
"Q38","Can duplication between a student's published paper and thesis be acceptable?","answerable","Yes, but it must comply with copyright restrictions imposed by the journal publisher, and permission may be required.","D8","1"

"Q39","How is plagiarism defined in the Academic Integrity document?","answerable","Plagiarism is using or passing off another person's writings or ideas without acknowledging or crediting the source.","D9","1"
"Q40","Give two examples of plagiarism listed in the Academic Integrity document other than submitting identical work for different courses.","answerable","Examples include using words, images, diagrams, graphs or ideas without proper acknowledgement, and copying work from the internet or another source and presenting it as one's own.","D9","1"
"Q41","What must students attach when submitting an online or softcopy assignment if a declaration of authorship is required?","answerable","They must attach a softcopy of the signed declaration of authorship form together with the assignment as one document.","D9","1"
"Q42","Where should the declaration of authorship form be placed for a hardcopy assignment?","answerable","The hardcopy declaration of authorship form should be attached to the front page of the written assignment.","D9","1"

"Q43","How is the NTU academic year structured for graduate programmes?","answerable","The academic year comprises two semesters or three trimesters. Each semester has 13 teaching weeks followed by 3 weeks for revision and examinations, while each trimester has 12 teaching weeks and 1 examination week.","D10","4"
"Q44","How recent must course credits or qualifications generally be to be considered for transfer of credits or course exemptions?","answerable","They must have been earned within the last five years from the date of the approved application.","D10","12"
"Q45","What are the general maximum credit transfer or course exemption limits for MbC and MbR programmes?","answerable","Up to 20% of total AU requirements for Master by Coursework programmes and up to 50% for Master by Research programmes, unless otherwise specified.","D10","12"
"Q46","How long before course registration must students clear outstanding fees?","answerable","Outstanding fees must be cleared at least three working days before course registration.","D10","13"
"Q47","What notation appears on the transcript if a course is dropped after the Add/Drop period but before the withdrawal deadline?","answerable","A 'W' notation for Withdrawal appears on the transcript.","D10","13"
"Q48","What is the maximum academic load for a full-time coursework student in a trimester?","answerable","The maximum is 12 AU per trimester, subject to programme-specific requirements.","D10","13"
"Q49","What grade point is assigned to a B+ grade in the NTU graduate grading system?","answerable","A B+ has a grade point of 4.00.","D10","14"
"Q50","What is the deadline for appealing against academic termination and how many appeals are allowed per candidature?","answerable","The appeal must be submitted to the relevant School within two weeks after the release of course results or before the start of the next term, whichever is earlier. Only one appeal is allowed per candidature.","D10","16"

"Q51","What is my NTU matriculation number?","unanswerable","ABSTAIN","",""
"Q52","Which classroom will PE6201 be held in next Monday?","unanswerable","ABSTAIN","",""
"Q53","What is the exact tuition fee for the MSc Enterprise Artificial Intelligence programme for AY2026-27?","unanswerable","ABSTAIN","",""
"Q54","Who is my personal academic adviser at NTU?","unanswerable","ABSTAIN","",""
"Q55","What is the current status of my scholarship application?","unanswerable","ABSTAIN","",""
"Q56","What time does the NTU library close tonight?","unanswerable","ABSTAIN","",""
"Q57","When will the next NTU campus shuttle bus arrive at my stop?","unanswerable","ABSTAIN","",""
"Q58","What is the current SGD to USD exchange rate?","unanswerable","ABSTAIN","",""
"Q59","What is NVIDIA's current share price?","unanswerable","ABSTAIN","",""
"Q60","Which food stalls at North Spine are open right now?","unanswerable","ABSTAIN","",""
