ID,Question,Type,Query_Embedding_Tokens,LLM_Input_Tokens,LLM_Output_Tokens,Query_Embedding_Cost_USD,LLM_Input_Cost_USD,LLM_Output_Cost_USD,Online_API_Cost_USD
Q01,What is the course code and title of Emerging AI Technologies?,answerable,12,2403,27,2.4000000000000003e-07,0.0009612000000000002,4.32e-05,0.0010046400000000002
Q02,How many Academic Units and contact hours does PE6201 have?,answerable,13,2515,28,2.6e-07,0.001006,4.4800000000000005e-05,0.00105106
Q03,Which courses list PE6201 as a prerequisite?,answerable,10,2077,30,2.0000000000000002e-07,0.0008308,4.8e-05,0.000879
Q04,What does ILO 1 of PE6201 require students to be able to do?,answerable,18,1941,107,3.6e-07,0.0007764,0.00017120000000000001,0.0009479600000000001
Q05,What paired coding activity is planned for Week 2 of PE6201?,answerable,15,2069,30,3.0000000000000004e-07,0.0008276000000000001,4.8e-05,0.0008759
Q06,What two independent signals are required before a documented non-contributor can receive zero for A2?,answerable,19,2481,84,3.8e-07,0.0009924,0.0001344,0.00112718
Q07,When is the PE6201 End-of-Course Project Problem Statement due?,answerable,15,2713,77,3.0000000000000004e-07,0.0010852000000000001,0.0001232,0.0012087
Q08,When is A1 Foundations Build due?,answerable,8,2350,34,1.6e-07,0.0009400000000000001,5.44e-05,0.00099456
Q09,When is A2 Applied AI System due?,answerable,9,2364,30,1.8e-07,0.0009456000000000001,4.8e-05,0.00099378
Q10,What must a student submit for A1 Foundations Build?,answerable,11,2711,145,2.2e-07,0.0010844,0.000232,0.00131662
Q11,What submission time and platform generally apply to PE6201 assessments?,answerable,13,2570,167,2.6e-07,0.001028,0.0002672,0.00129546
Q12,How many Academic Units and contact hours does PE6202 have?,answerable,13,1825,30,2.6e-07,0.0007300000000000001,4.8e-05,0.00077826
Q13,Does PE6202 have any prerequisites?,answerable,8,1918,27,1.6e-07,0.0007672,4.32e-05,0.00081056
Q14,What is the Week 3 topic in PE6202?,answerable,12,2291,25,2.4000000000000003e-07,0.0009164,4e-05,0.00095664
Q15,What must students build and demonstrate for PE6202 Group Project 1?,answerable,15,2477,158,3.0000000000000004e-07,0.0009908,0.0002528,0.0012439
Q16,When are the two PE6202 quizzes held and what weeks do they cover?,answerable,16,1906,107,3.2e-07,0.0007624,0.00017120000000000001,0.0009339200000000001
Q17,How many Academic Units and contact hours does PE6203 have?,answerable,13,1923,24,2.6e-07,0.0007692,3.8400000000000005e-05,0.00080786
Q18,What does ILO 3 of PE6203 require students to be able to do?,answerable,18,2254,38,3.6e-07,0.0009016,6.080000000000001e-05,0.00096276
Q19,In which week of PE6203 is Retrieval-Augmented Generation scheduled?,answerable,15,1912,36,3.0000000000000004e-07,0.0007648,5.7600000000000004e-05,0.0008227
Q20,How are the two main PE6203 assessment projects weighted and are they team or individual?,answerable,18,2505,174,3.6e-07,0.001002,0.0002784,0.0012807600000000001
Q21,What are valid reasons for absence in PE6203 and are make-up opportunities provided for in-class activities?,answerable,21,2435,52,4.2e-07,0.000974,8.32e-05,0.00105762
Q22,Who is listed as the instructor for PE6201 in the MSEAI Trimester 1 Course Synopsis?,answerable,22,2526,34,4.4e-07,0.0010104,5.44e-05,0.00106524
Q23,Who are the instructors listed for PE6202 in the MSEAI Trimester 1 Course Synopsis?,answerable,21,2051,47,4.2e-07,0.0008204,7.52e-05,0.00089602
Q24,Who is listed as the instructor for PE6204?,answerable,11,2078,30,2.2e-07,0.0008312,4.8e-05,0.00087942
Q25,How many contact hours and Academic Units does PE6204 have?,answerable,13,1923,40,2.6e-07,0.0007692,6.400000000000001e-05,0.0008334600000000001
Q26,How does NTU Statute 6 define expulsion?,answerable,11,2688,52,2.2e-07,0.0010752,8.32e-05,0.00115862
Q27,How does NTU Statute 6 define suspension?,answerable,11,2536,55,2.2e-07,0.0010144000000000002,8.800000000000001e-05,0.0011026200000000001
Q28,Who handles less serious misconduct and who handles serious misconduct under NTU's disciplinary structure?,answerable,17,2382,87,3.4000000000000003e-07,0.0009528000000000001,0.0001392,0.00109234
Q29,Under what types of Board of Discipline sanctions does a student have a right of appeal to the Appeal Committee?,answerable,21,2365,144,4.2e-07,0.000946,0.00023040000000000002,0.00117682
Q30,Can information about NTU disciplinary proceedings normally be disclosed or shared by students or hearing attendees?,answerable,18,2409,98,3.6e-07,0.0009636000000000001,0.00015680000000000002,0.0011207600000000002
Q31,When did NTU's Open Access Policy take effect?,answerable,11,2409,21,2.2e-07,0.0009636000000000001,3.36e-05,0.0009974200000000002
Q32,How does the NTU Open Access Policy define open access?,answerable,12,2410,43,2.4000000000000003e-07,0.000964,6.88e-05,0.00103304
Q33,What are the typical embargo periods described in the Open Access Policy?,answerable,13,2411,72,2.6e-07,0.0009644,0.00011520000000000001,0.00107986
Q34,What three approaches can NTU faculty and staff use to make their publications open access?,answerable,17,2415,141,3.4000000000000003e-07,0.0009660000000000001,0.00022560000000000004,0.00119194
Q35,What reasons may justify an exemption from depositing the full text of a higher degree thesis in DR-NTU?,answerable,23,2420,76,4.6e-07,0.000968,0.00012160000000000001,0.00109006
Q36,Why are anti-plagiarism checks performed on Masters and PhD theses?,answerable,16,2618,120,3.2e-07,0.0010472,0.000192,0.00123952
Q37,Why should a supervisor not judge plagiarism only from the overall TurnItIn matching percentage?,answerable,17,2464,109,3.4000000000000003e-07,0.0009856,0.0001744,0.0011603400000000002
Q38,Can duplication between a student's published paper and thesis be acceptable?,answerable,13,2481,117,2.6e-07,0.0009924,0.0001872,0.00117986
Q39,How is plagiarism defined in the Academic Integrity document?,answerable,10,2612,130,2.0000000000000002e-07,0.0010448,0.000208,0.001253
Q40,Give two examples of plagiarism listed in the Academic Integrity document other than submitting identical work for different courses.,answerable,20,2622,101,4.0000000000000003e-07,0.0010488000000000001,0.00016160000000000002,0.0012108000000000002
Q41,What must students attach when submitting an online or softcopy assignment if a declaration of authorship is required?,answerable,21,2200,42,4.2e-07,0.0008800000000000001,6.72e-05,0.0009476200000000001
Q42,Where should the declaration of authorship form be placed for a hardcopy assignment?,answerable,16,2017,32,3.2e-07,0.0008068000000000001,5.12e-05,0.0008583200000000001
Q43,How is the NTU academic year structured for graduate programmes?,answerable,12,2530,59,2.4000000000000003e-07,0.001012,9.44e-05,0.00110664
Q44,How recent must course credits or qualifications generally be to be considered for transfer of credits or course exemptions?,answerable,20,2426,40,4.0000000000000003e-07,0.0009704000000000002,6.400000000000001e-05,0.0010348000000000002
Q45,What are the general maximum credit transfer or course exemption limits for MbC and MbR programmes?,answerable,19,2338,101,3.8e-07,0.0009352,0.00016160000000000002,0.0010971800000000001
Q46,How long before course registration must students clear outstanding fees?,answerable,11,2248,32,2.2e-07,0.0008992000000000001,5.12e-05,0.0009506200000000001
Q47,What notation appears on the transcript if a course is dropped after the Add/Drop period but before the withdrawal deadline?,answerable,23,2467,36,4.6e-07,0.0009868000000000001,5.7600000000000004e-05,0.0010448600000000003
Q48,What is the maximum academic load for a full-time coursework student in a trimester?,answerable,17,2354,51,3.4000000000000003e-07,0.0009416000000000001,8.16e-05,0.00102354
Q49,What grade point is assigned to a B+ grade in the NTU graduate grading system?,answerable,18,2700,27,3.6e-07,0.00108,4.32e-05,0.00112356
Q50,What is the deadline for appealing against academic termination and how many appeals are allowed per candidature?,answerable,19,2386,44,3.8e-07,0.0009544000000000001,7.04e-05,0.00102518
Q51,What is my NTU matriculation number?,unanswerable,10,2017,14,2.0000000000000002e-07,0.0008068000000000001,2.2400000000000002e-05,0.0008294000000000001
Q52,Which classroom will PE6201 be held in next Monday?,unanswerable,12,2131,14,2.4000000000000003e-07,0.0008524000000000001,2.2400000000000002e-05,0.0008750400000000001
Q53,What is the exact tuition fee for the MSc Enterprise Artificial Intelligence programme for AY2026-27?,unanswerable,22,2447,14,4.4e-07,0.0009788,2.2400000000000002e-05,0.0010016399999999998
Q54,Who is my personal academic adviser at NTU?,unanswerable,10,2103,14,2.0000000000000002e-07,0.0008412,2.2400000000000002e-05,0.0008638
Q55,What is the current status of my scholarship application?,unanswerable,10,2173,14,2.0000000000000002e-07,0.0008692000000000001,2.2400000000000002e-05,0.0008918000000000001
Q56,What time does the NTU library close tonight?,unanswerable,10,2567,14,2.0000000000000002e-07,0.0010268,2.2400000000000002e-05,0.0010493999999999998
Q57,When will the next NTU campus shuttle bus arrive at my stop?,unanswerable,14,2455,14,2.8e-07,0.000982,2.2400000000000002e-05,0.00100468
Q58,What is the current SGD to USD exchange rate?,unanswerable,10,0,0,2.0000000000000002e-07,0.0,0.0,2.0000000000000002e-07
Q59,What is NVIDIA's current share price?,unanswerable,8,0,0,1.6e-07,0.0,0.0,1.6e-07
Q60,Which food stalls at North Spine are open right now?,unanswerable,12,0,0,2.4000000000000003e-07,0.0,0.0,2.4000000000000003e-07
