ID,Question,Type,Reference Answer,Expected Document,Expected Page,Top1 Score,Top1 Document,Top1 Page,Predicted Status,Model Answer,Cited Documents,Response Seconds,Input Tokens,Output Tokens,Total Tokens,Answer Correct,Citation Correct,Review Notes
ID,Question,Type,Reference Answer,Expected Document,Expected Page,0.3532,D1,8,ANSWERED,"The assessment structure for PE6201 includes two main continuous assessment components:

1. A1: Foundations Build (Weeks 1–3) - Individual submission, instructor-marked. It involves a consolidated technical submission merging AI-type selection, a minimal RAG build, and a prompt + 10-case evaluation harness, including code and writeup. A short ungraded self-appraisal is required. This component carries 16% weightage.

2. A2: Applied AI System (Weeks 4–6) - Group project (teams of ~5), instructor-marked on the team submission. The project involves building an agent/use-case prototype integrating tool use, a cost-to-serve model, and a responsible-deployment guardrail checklist. Deliverables include a team report and a 5-minute recorded demo. All members share the team mark, with NTU’s Group Project peer-rating used only to flag and dock free-riders. This component carries 20% weightage.

Self-appraisals are required for both A1 and A2 and are ungraded but mandatory; missing self-appraisal results in incomplete submission. Peer rating is required for A2 only as a free-rider check but does not set grades.

The instructor/TA does all marking for both assessments [SOURCE 1], [SOURCE 5].",D1,8.47,1929,267,2196,Y,Y,
Q01,What is the course code and title of Emerging AI Technologies?,answerable,The course is PE6201 Emerging AI Technologies.,D1,1,0.6569,D5,1,ANSWERED,"The course code and title of Emerging AI Technologies are PE6201 Emerging AI Technologies [SOURCE 1], [SOURCE 2].","D5,D1",4.09,2403,27,2430,Y,Y,
Q02,How many Academic Units and contact hours does PE6201 have?,answerable,PE6201 has 1.5 AU and 19.5 contact hours.,D1,1,0.4935,D1,1,ANSWERED,"PE6201 has 1.5 Academic Units and 19.5 contact hours [SOURCE 1], [SOURCE 2].","D1,D5",3.27,2515,28,2543,Y,Y,
Q03,Which courses list PE6201 as a prerequisite?,answerable,PE6201 is a prerequisite to PE6207 AI Ecosystems and PE6211 Agile Product Dev.,D1,1,0.4995,D5,1,ANSWERED,The courses that list PE6201 as a prerequisite are PE6207 AI Ecosystems and PE6211 Agile Product Development [SOURCE 2].,D1,2.83,2077,30,2107,Y,N,
Q04,What does ILO 1 of PE6201 require students to be able to do?,answerable,"Students should distinguish emerging AI technologies including discriminative ML, foundation models, retrieval-augmented systems, agentic systems, multimodal architectures and physical AI, and select appropriate techniques for given business problem classes.",D1,2,0.4441,D1,10,ANSWERED,"ILO 1 of PE6201 requires students to be able to perform tasks related to AI-type selection (e.g., sklearn classifier vs foundation-model API), build a minimal Retrieval-Augmented Generation (RAG) system over a small corpus, and create a prompt with a 10-case evaluation harness for a task from their industry. This is demonstrated in the Foundations Build (A1) continuous assessment component, which includes submitting code and a writeup along with a short self-appraisal [SOURCE 1], [SOURCE 2].",D1,5.03,1941,107,2048,N,N,
Q05,What paired coding activity is planned for Week 2 of PE6201?,answerable,Students undertake a paired coding activity to build a minimal RAG end-to-end stack.,D1,6,0.4973,D1,10,ANSWERED,"The paired coding activity planned for Week 2 of PE6201 is ""prompt iteration + 10-case eval harness"" [SOURCE 2].",D1,2.47,2069,30,2099,N,Y,
Q06,What two independent signals are required before a documented non-contributor can receive zero for A2?,answerable,A majority of teammates must flag the member through NTU's peer-rating tool and there must be no traceable work in the Git commit history or contribution log; this must also be confirmed by the instructor or TA.,D1,11,0.4358,D1,11,ANSWERED,"The two independent signals required before a documented non-contributor can receive zero for A2 are:

1. A majority of teammates flagging the member as a low or non-contributor through NTU’s peer-rating tool.
2. No traceable work in the Git commit history / contribution log.

These must be corroborated and confirmed by the instructor/TA; peer opinion alone is not sufficient [SOURCE 1].",D1,4.37,2481,84,2565,Y,Y,
Q07,When is the PE6201 End-of-Course Project Problem Statement due?,answerable,The Problem Statement is due on 23 August 2026 at 23:59 SGT.,D2,1,0.6347,D2,1,ANSWERED,"The PE6201 End-of-Course Project Problem Statement is due on Sunday, 23 August 2026, by 23:59 SGT. It is a mandatory individual milestone, not separately graded, and a ~1-page problem statement must be submitted using the provided template released on Monday, 10 August 2026 [SOURCE 1], [SOURCE 2].",D2,3.67,2713,77,2790,Y,Y,
Q08,When is A1 Foundations Build due?,answerable,A1 Foundations Build is due on 30 August 2026 at 23:59 SGT.,D2,1,0.3988,D2,1,ANSWERED,"A1 Foundations Build is due on Sunday, 30 August 2026, at 23:59 SGT [SOURCE 1], [SOURCE 2].",D2,2.27,2350,34,2384,Y,Y,
Q09,When is A2 Applied AI System due?,answerable,A2 Applied AI System is due on 13 September 2026 at 23:59 SGT.,D2,1,0.6754,D1,10,ANSWERED,A2 Applied AI System is released at the end of Week 4 and is due at the end of Week 6 [SOURCE 1].,D1,1.97,2364,30,2394,Y,Y,
Q10,What must a student submit for A1 Foundations Build?,answerable,"One ZIP containing three notebooks, one combined write-up of no more than 1,200 words in PDF format, and a self-appraisal cover sheet.",D2,1,0.543,D2,1,ANSWERED,"For A1 Foundations Build, a student must submit one ZIP file containing:
- Three notebooks (.ipynb)
- One combined writeup (≤1,200 words, PDF)
- A self-appraisal cover sheet

The ZIP file should be named as PE6201_A1_[YourName]_[MatricNumber].zip [SOURCE 3].

Additionally, the submission covers:
- AI-type selection (sklearn classifier vs foundation-model API on a chosen dataset)
- A minimal RAG build over a small corpus
- A prompt + 10-case evaluation harness for a task from the student's industry

The submission includes code and writeup, with a short ungraded self-appraisal [SOURCE 5].","D2,D1",3.77,2711,145,2856,Y,Y,
Q11,What submission time and platform generally apply to PE6201 assessments?,answerable,Submission times are 23:59 SGT and submissions go to NTULearn unless a brief states otherwise.,D2,1,0.5046,D1,10,ANSWERED,"The submission time for PE6201 assessments is generally 23:59 Singapore Time (SGT) for all students. The platform for submission is NTULearn unless otherwise specified. This applies to all assessments including A1 — Foundations Build, A2 — Applied AI System, the End-of-Course Project, and the Problem Statement milestone. Written components are capped at 1,200 words. For example, A1 is released on Sun 16 Aug 2026 and due on Sun 30 Aug 2026, A2 is released on Sun 30 Aug 2026 and due on Sun 13 Sep 2026, and the End-of-Course Project final submission is due on Sun 20 Sep 2026, all at 23:59 SGT [SOURCE 2], [SOURCE 5].",D2,3.47,2570,167,2737,Y,N,
Q12,How many Academic Units and contact hours does PE6202 have?,answerable,PE6202 has 3 AU and 39 contact hours.,D3,1,0.4614,D5,1,ANSWERED,"PE6202 AI Automation & Application in Enterprise has 3 Academic Units and 39 contact hours [SOURCE 1], [SOURCE 3].","D5,D4",1.65,1825,30,1855,Y,N,
Q13,Does PE6202 have any prerequisites?,answerable,No. PE6202 lists no prerequisites.,D3,1,0.3972,D4,1,ANSWERED,PE6202 AI Automation & Application in Enterprise has no prerequisites. This is explicitly stated in the course outline [SOURCE 1].,D4,2.91,1918,27,1945,Y,N,
Q14,What is the Week 3 topic in PE6202?,answerable,The Week 3 topic is PDF Data Extraction with Machine Learning.,D3,2,0.4325,D5,1,ANSWERED,"The Week 3 topic in PE6202 is ""Prompt Engineering and In-Context Learning"" [SOURCE 2].",D3,1.6,2291,25,2316,N,N,
Q15,What must students build and demonstrate for PE6202 Group Project 1?,answerable,"Students must build and demonstrate three of five automation components: UI, Data, PDF, Email and Agentic.",D3,3,0.583,D2,1,ANSWERED,"For PE6202 Group Project 1 (referred to as A2 — Applied AI System in the PE6201 course documents), students must build and demonstrate a group-built applied AI system. The deliverables include:

- The code in a GitHub repository.
- A technical writeup (≤1,200 words).
- Completed peer reviews.

The project requires the team to integrate tool use (at least one external tool), a cost-to-serve model, and a responsible-deployment guardrail checklist with at least 10 test cases. Additionally, a 5-minute recorded demo is part of the deliverables.

This is a group project with peer review to flag contributions, and the team submission is marked by the instructor/TA [SOURCE 2], [SOURCE 4].","D2,D1",2.72,2477,158,2635,N,N,
Q16,When are the two PE6202 quizzes held and what weeks do they cover?,answerable,Quiz 1 is held in Week 6 and covers Weeks 1–5. Quiz 2 is held in Week 12 and covers Weeks 7–11.,D3,3,0.4591,D5,1,ANSWERED,"The two PE6202 quizzes are held in Week 6 and Week 12. Quiz 1 is in Week 6 and Quiz 2 is in Week 12, as indicated in the PE6203 schedule which includes quizzes at these weeks [SOURCE 3]. However, the exact weeks covered by the PE6202 quizzes are not explicitly stated in the provided documents.

Therefore, based on the available evidence, the quizzes are held in Week 6 and Week 12, but the specific weeks they cover are not detailed.",D4,3.28,1906,107,2013,N,N,
Q17,How many Academic Units and contact hours does PE6203 have?,answerable,PE6203 has 3 AU and 39 contact hours.,D4,1,0.4825,D5,2,ANSWERED,"PE6203 has 3 Academic Units and 39 contact hours [SOURCE 1], [SOURCE 2].","D5,D3",1.39,1923,24,1947,Y,N,
Q18,What does ILO 3 of PE6203 require students to be able to do?,answerable,"Students should be able to design and implement agentic AI workflows involving reasoning, tools, skills, memory, harness and multi-agent orchestration.",D4,2,0.4561,D4,3,ANSWERED,"ILO 3 of PE6203 requires students to be able to ""Construct agentic automation frameworks in which autonomous agents manage decision-making and multi-step task execution"" [SOURCE 3].",D4,1.95,2254,38,2292,N,N,
Q19,In which week of PE6203 is Retrieval-Augmented Generation scheduled?,answerable,Retrieval-Augmented Generation is scheduled for Week 4.,D4,4,0.4908,D5,2,ANSWERED,"Retrieval-Augmented Generation (RAG) is scheduled in Week 4 of the PE6203 course ""Generative AI and Agentic AI"" [SOURCE 3].",D3,1.89,1912,36,1948,Y,N,
Q20,How are the two main PE6203 assessment projects weighted and are they team or individual?,answerable,CA1 Foundations of Generative AI project is 40% and is a team assessment. CA2 Agentic AI Implementation Project is 60% and is individual.,D4,5,0.5824,D4,3,ANSWERED,"The two main PE6203 assessment projects are:

1. Group Project 1 (20% weight, team-based): Build and demonstrate 3 of the 5 automation components (UI, Data, PDF, Email, Agentic). Deliverables include the working automation solution plus an explanatory video. Marked on implementation (60%), communication outcome in the video (20%), and communication delivery (20%) [SOURCE 1].

2. Group Project 2 (20% weight, team-based): An enterprise case involving problem framing, agentic system design, justification of recommendations, and addressing governance and responsible AI. Deliverables include the solution design plus a video presentation pitched at a senior enterprise audience. Marked across six traits [SOURCE 1].

Both projects are team projects and include a confidential peer review that may adjust individual marks based on contribution [SOURCE 1].",D4,2.92,2505,174,2679,N,Y,
Q21,What are valid reasons for absence in PE6203 and are make-up opportunities provided for in-class activities?,answerable,Valid reasons include illness supported by a medical certificate and participation in NTU-approved activities supported by an excuse letter. There are no make-up opportunities for in-class activities.,D4,6,0.4755,D4,8,ANSWERED,Valid reasons for absence in PE6203 include illness supported by a medical certificate and participation in NTU-approved activities supported by an excuse letter from the relevant body. There are no make-up opportunities for in-class activities in PE6203 [SOURCE 1].,D4,1.97,2435,52,2487,Y,Y,
Q22,Who is listed as the instructor for PE6201 in the MSEAI Trimester 1 Course Synopsis?,answerable,Mr Ajay Vikram Singh.,D5,1,0.6348,D5,1,ANSWERED,The instructor listed for PE6201 Emerging AI Technologies in the MSEAI Trimester 1 Course Synopsis is Mr Ajay Vikram Singh [SOURCE 1].,D5,1.53,2526,34,2560,Y,Y,
Q23,Who are the instructors listed for PE6202 in the MSEAI Trimester 1 Course Synopsis?,answerable,Mr Yong Heng Tan (Michael) and Mr Shankar Krishnamurthy.,D5,1,0.6534,D5,1,ANSWERED,The instructors listed for PE6202 AI Automation & Application in Enterprise in the MSEAI Trimester 1 Course Synopsis are Mr Yong Heng Tan (Michael) and Mr Shankar Krishnamurthy [SOURCE 1].,D5,2.78,2051,47,2098,Y,Y,
Q24,Who is listed as the instructor for PE6204?,answerable,Mr Ong Chin Ann.,D5,2,0.4561,D5,2,ANSWERED,The instructor listed for PE6204 AI-Driven Cybersecurity: Safeguarding the Intelligent Enterprise is Mr Ong Chin Ann [SOURCE 1].,D5,1.44,2078,30,2108,Y,Y,
Q25,How many contact hours and Academic Units does PE6204 have?,answerable,PE6204 has 19.5 contact hours and 1.5 AU.,D5,2,0.4846,D5,2,ANSWERED,PE6204 AI-Driven Cybersecurity: Safeguarding the Intelligent Enterprise has 19.5 contact hours and is worth 1.5 Academic Units (AU) [SOURCE 1].,D5,2.98,1923,40,1963,Y,Y,
Q26,How does NTU Statute 6 define expulsion?,answerable,"Expulsion means termination of a student's candidature or enrolment and cessation of all rights and privileges as a student, including the right to re-enrol.",D6,1,0.5986,D6,1,ANSWERED,"NTU Statute 6 defines ""expulsion"" as the termination of candidature/enrolment of a student and cessation of all rights and privileges as a student of the University, including the right to re-enrol as a student [SOURCE 1].",D6,2.03,2688,52,2740,Y,Y,
Q27,How does NTU Statute 6 define suspension?,answerable,Suspension means temporary debarment from the University and withdrawal of all student rights and privileges for a specified period or until specified conditions are fulfilled.,D6,1,0.6116,D6,1,ANSWERED,"NTU Statute 6 defines ""Suspension"" as the temporary debarment of a student from the University and the withdrawal of all rights and privileges as a student of the University for a specified period or until the fulfilment of specified conditions [SOURCE 1].",D6,2.11,2536,55,2591,Y,Y,
Q28,Who handles less serious misconduct and who handles serious misconduct under NTU's disciplinary structure?,answerable,"Less serious misconduct is handled at College, School or Department level through a Preliminary Inquiry, Committee of Inquiry or equivalent. Serious misconduct is handled by the university-level Board of Discipline.",D6,1,0.5582,D6,1,ANSWERED,"Under NTU's disciplinary structure, less serious misconduct is handled at the College, School, and Department level by the Heads of the Academic Entities and/or the Heads of Administrative Departments through Preliminary Inquiry (PI) or Committee of Inquiry (COI) or equivalent. Serious misconduct, including cases where suspension or expulsion is deemed appropriate, is handled at the University level by the Board of Discipline (BOD) [SOURCE 1].",D6,3.43,2382,87,2469,Y,Y,
Q29,Under what types of Board of Discipline sanctions does a student have a right of appeal to the Appeal Committee?,answerable,"A right of appeal exists if the student is expelled, suspended or excluded, fined more than $5,000, or deprived of a degree, diploma, certificate or other academic distinction.",D6,2,0.6122,D6,2,ANSWERED,"A student has a right of appeal to the Appeal Committee against Board of Discipline (BOD) sanctions only if the student has been:

(a) expelled from the University;  
(b) suspended or excluded from the University or any part of it or from any programme or courses or excluded from any examination;  
(c) fined more than $5,000; or  
(d) deprived of the award of degree, diploma or certificate or other academic distinction to be awarded or previously awarded.  

For other sanctions imposed by the BOD, the student does not have a right of appeal to the Appeal Committee. The Appeal Committee hears appeals against decisions or sanctions by the BOD and its decision is final [SOURCE 1].",D6,2.52,2365,144,2509,Y,Y,
Q30,Can information about NTU disciplinary proceedings normally be disclosed or shared by students or hearing attendees?,answerable,"No. Disciplinary proceedings are confidential and such information must not be disclosed, published or shared unless prior written consent of the Board of Discipline is obtained.",D6,3,0.5451,D6,3,ANSWERED,"Information about NTU disciplinary proceedings is confidential. No information relating to such proceedings, including details of what transpired, evidence given, or decisions taken, shall be disclosed, published, or shared by the students who are the subject of such proceedings or by any attendees at the hearings of the Board of Discipline (BOD), except where prior written consent of the BOD is obtained. The giving of such consent is at the sole and absolute discretion of the BOD [SOURCE 1].",D6,2.04,2409,98,2507,Y,Y,
Q31,When did NTU's Open Access Policy take effect?,answerable,The Open Access Policy took effect on 8 August 2011.,D7,1,0.7633,D7,1,ANSWERED,NTU's Open Access Policy took effect on 8 August 2011 [SOURCE 1].,D7,1.45,2409,21,2430,Y,Y,
Q32,How does the NTU Open Access Policy define open access?,answerable,"Open access is the online availability of scholarly work via the internet, free of charge to individuals who wish to access and read it.",D7,1,0.7629,D7,1,ANSWERED,"The NTU Open Access Policy defines open access (OA) as ""The online availability of scholarly work via the internet, free of charge to individuals who wish to access and read it"" [SOURCE 1].",D7,1.71,2410,43,2453,Y,Y,
Q33,What are the typical embargo periods described in the Open Access Policy?,answerable,"Typical embargo periods range from 6 to 24 months, although some publishers may require an embargo of up to 48 months.",D7,2,0.5445,D7,2,ANSWERED,"The typical embargo periods described in the Open Access Policy range from 6 to 24 months, though some publishers may require an embargo of up to 48 months. For higher degree theses, an embargo of no longer than 24 months may be imposed, with possible extensions reviewed on a case-by-case basis [SOURCE 1], [SOURCE 5].",D7,2.21,2411,72,2483,Y,Y,
Q34,What three approaches can NTU faculty and staff use to make their publications open access?,answerable,"They may deposit the accepted version in DR-NTU or the NIE repository, deposit it in another reputable non-profit OA repository with metadata and a link presented in DR-NTU, or publish the paper as an OA publication with metadata and the link presented in DR-NTU.",D7,2,0.7112,D7,1,ANSWERED,"NTU faculty and staff can make their publications open access using any of the following three approaches:

1. Depositing the accepted version of their publications in DR-NTU (or NIE repository if applicable) upon acceptance of their publications.
2. Depositing in other reputable non-profit open access repositories, with the metadata of the publication and the link presented in DR-NTU.
3. Publishing their papers as open access publications, with the metadata of the publication and the link presented in DR-NTU.

If none of these is possible, the metadata of the publication, including abstract and a link to the published version, is required to be displayed in DR-NTU [SOURCE 3].",D7,2.62,2415,141,2556,Y,Y,
Q35,What reasons may justify an exemption from depositing the full text of a higher degree thesis in DR-NTU?,answerable,"Possible reasons include confidentiality, sensitivity, security concerns or obligations to third parties.",D7,3,0.7335,D7,3,ANSWERED,"Exemptions from depositing the full text of a higher degree thesis in DR-NTU may be requested for reasons including confidentiality, sensitivity, security concerns, or obligations to third parties. If approved, the full text can be exempted from deposit, but where possible, the metadata and abstract excluding sensitive information should still be deposited in DR-NTU [SOURCE 1].",D7,2.07,2420,76,2496,Y,Y,
Q36,Why are anti-plagiarism checks performed on Masters and PhD theses?,answerable,"They are performed to prevent plagiarism in completed theses, especially before submission for external examination.",D8,1,0.7114,D8,1,ANSWERED,"Anti-plagiarism checks are performed on Masters and PhD theses to prevent plagiarism in finished theses, especially before they are submitted for external examination. These checks help ensure that the work submitted is original and properly acknowledges sources, including the candidate's own published papers. The checks typically use automatic programs like TurnItIn to identify duplicate text, but supervisors must qualitatively and contextually examine the results to distinguish between legitimate overlaps (such as text from the candidate's own published papers) and actual plagiarism. This process helps maintain academic integrity and compliance with copyright constraints imposed by journal publishers [SOURCE 1].",D8,2.33,2618,120,2738,Y,Y,
Q37,Why should a supervisor not judge plagiarism only from the overall TurnItIn matching percentage?,answerable,Because the percentage does not show the context of the matching text. Supervisors must examine the matched sections qualitatively to determine whether the overlap is legitimate or plagiarism.,D8,1,0.6057,D8,1,ANSWERED,"A supervisor should not judge plagiarism solely based on the overall TurnItIn matching percentage because the percentage alone is insufficient and must be considered in context. For example, a high matching percentage might be due to legitimate overlaps such as bibliography or duplication from the student's own published papers, which may be acceptable if copyright constraints are observed. Conversely, a lower percentage might contain actual plagiarized material. Therefore, the supervisor must qualitatively examine the matching parts to determine the nature of the overlap and distinguish between legitimate duplication and real plagiarism [SOURCE 1].",D8,2.6,2464,109,2573,Y,Y,
Q38,Can duplication between a student's published paper and thesis be acceptable?,answerable,"Yes, but it must comply with copyright restrictions imposed by the journal publisher, and permission may be required.",D8,1,0.5722,D8,1,ANSWERED,"Duplication between a student's published paper and thesis can be acceptable. According to NTU's guidance, if the duplication results from overlap between the student's own published papers and the thesis, this is acceptable. However, the duplication must comply with copyright constraints imposed by journal publishers, who may require permission for use in other publications including theses. Supervisors should carefully examine the duplication qualitatively and contextually, as a high similarity percentage from tools like TurnItIn may include both legitimate duplication and actual plagiarism. Therefore, careful judgment is needed to distinguish acceptable duplication from plagiarism [SOURCE 1].",D8,2.89,2481,117,2598,Y,Y,
Q39,How is plagiarism defined in the Academic Integrity document?,answerable,Plagiarism is using or passing off another person's writings or ideas without acknowledging or crediting the source.,D9,1,0.5264,D8,1,ANSWERED,"Plagiarism is defined in the Academic Integrity document as using or passing off one’s own writings or ideas of another without acknowledging or crediting the source from which the ideas are taken. It includes:
- The use of words, images, diagrams, graphs, or ideas derived from books, journals, magazines, visual media, and the internet without proper acknowledgement;
- Copying of work from the internet or any other sources and presenting it as one’s own;
- Submitting identical work for different courses or to different journals and publications.

Students are expected to observe academic integrity by providing references when citations are mentioned in their work [SOURCE 2].",D9,3.06,2612,130,2742,Y,Y,
Q40,Give two examples of plagiarism listed in the Academic Integrity document other than submitting identical work for different courses.,answerable,"Examples include using words, images, diagrams, graphs or ideas without proper acknowledgement, and copying work from the internet or another source and presenting it as one's own.",D9,1,0.5286,D9,1,ANSWERED,"Two examples of plagiarism listed in the Academic Integrity document, other than submitting identical work for different courses, are:

1. The use of words, images, diagrams, graphs, or ideas derived from books, journals, magazines, visual media, and the internet without proper acknowledgement.
2. Copying of work from the internet or any other sources and presenting it as one’s own.

These examples are explicitly mentioned in the Academic Integrity document from the Wee Kim School of Communication and Information [SOURCE 1].",D9,2.36,2622,101,2723,Y,Y,
Q41,What must students attach when submitting an online or softcopy assignment if a declaration of authorship is required?,answerable,They must attach a softcopy of the signed declaration of authorship form together with the assignment as one document.,D9,1,0.6789,D9,1,ANSWERED,Students submitting online or softcopy assignments that require a declaration of authorship must attach their assignments with a softcopy of the signed declaration of authorship form as one document for online submission [SOURCE 1].,D9,1.76,2200,42,2242,Y,Y,
Q42,Where should the declaration of authorship form be placed for a hardcopy assignment?,answerable,The hardcopy declaration of authorship form should be attached to the front page of the written assignment.,D9,1,0.5736,D9,1,ANSWERED,The declaration of authorship form for a hardcopy assignment should be attached on the front page of the written assignment for hardcopy submission [SOURCE 1].,D9,1.42,2017,32,2049,Y,Y,
Q43,How is the NTU academic year structured for graduate programmes?,answerable,"The academic year comprises two semesters or three trimesters. Each semester has 13 teaching weeks followed by 3 weeks for revision and examinations, while each trimester has 12 teaching weeks and 1 examination week.",D10,4,0.6765,D10,4,ANSWERED,"The NTU academic year for graduate programmes is structured into either two semesters or three trimesters. Each semester consists of 13 teaching weeks followed by 3 weeks for revision and examinations, while each trimester includes 12 teaching weeks along with 1 week for examinations [SOURCE 1].",D10,1.78,2530,59,2589,Y,Y,
Q44,How recent must course credits or qualifications generally be to be considered for transfer of credits or course exemptions?,answerable,They must have been earned within the last five years from the date of the approved application.,D10,12,0.6219,D10,12,ANSWERED,Course credits or qualifications must generally be earned within the last 5 years from the date of the approved application to be considered for transfer of credits or course exemptions at NTU [SOURCE 2].,D10,1.72,2426,40,2466,Y,Y,
Q45,What are the general maximum credit transfer or course exemption limits for MbC and MbR programmes?,answerable,"Up to 20% of total AU requirements for Master by Coursework programmes and up to 50% for Master by Research programmes, unless otherwise specified.",D10,12,0.6905,D10,12,ANSWERED,"The general maximum credit transfer or course exemption limits are as follows:

- For MbC (Master by Coursework) programmes: up to 20% of total AU requirements.
- For MbR (Master by Research) programmes: up to 50% of total AU requirements.

These limits apply unless otherwise specified. For PhD programmes, the amount of credit transfer and/or course exemption granted to students with prior Master’s qualifications will be determined by the School based on its established criteria [SOURCE 1].",D10,2.44,2338,101,2439,Y,Y,
Q46,How long before course registration must students clear outstanding fees?,answerable,Outstanding fees must be cleared at least three working days before course registration.,D10,13,0.5341,D10,13,ANSWERED,Students must clear their outstanding fees at least 3 working days before registering courses. Students with outstanding fees will be barred from course registration [SOURCE 1].,D10,1.68,2248,32,2280,Y,Y,
Q47,What notation appears on the transcript if a course is dropped after the Add/Drop period but before the withdrawal deadline?,answerable,A 'W' notation for Withdrawal appears on the transcript.,D10,13,0.4635,D10,13,ANSWERED,"If a course is dropped after the Add/Drop period but before the withdrawal deadline, the transcript will show a notation of ‘W’ for that course [SOURCE 1].",D10,2.12,2467,36,2503,Y,Y,
Q48,What is the maximum academic load for a full-time coursework student in a trimester?,answerable,"The maximum is 12 AU per trimester, subject to programme-specific requirements.",D10,13,0.5504,D10,13,ANSWERED,The maximum academic load for a full-time coursework student in a trimester is 12 Academic Units (AU) per term of study. This is stated under section 5.4.1 Coursework Programmes in the Graduate Academic Handbook [SOURCE 1].,D10,1.71,2354,51,2405,Y,Y,
Q49,What grade point is assigned to a B+ grade in the NTU graduate grading system?,answerable,A B+ has a grade point of 4.00.,D10,14,0.495,D3,6,ANSWERED,The grade point assigned to a B+ grade in the NTU graduate grading system is 4.00 [SOURCE 5].,D10,1.89,2700,27,2727,Y,Y,
Q50,What is the deadline for appealing against academic termination and how many appeals are allowed per candidature?,answerable,"The appeal must be submitted to the relevant School within two weeks after the release of course results or before the start of the next term, whichever is earlier. Only one appeal is allowed per candidature.",D10,16,0.6153,D10,16,ANSWERED,"The deadline for appealing against academic termination is within 2 weeks after the release of course results or before the start of the next term, whichever is earlier. Only one appeal is allowed per candidature [SOURCE 1].",D10,1.72,2386,44,2430,Y,Y,
Q51,What is my NTU matriculation number?,unanswerable,ABSTAIN,,,0.5134,D10,3,ABSTAIN,I cannot answer this question based on the provided NTU documents.,,1.4,2017,14,2031,N/A,N/A,Correct abstention
Q52,Which classroom will PE6201 be held in next Monday?,unanswerable,ABSTAIN,,,0.4584,D1,1,ABSTAIN,I cannot answer this question based on the provided NTU documents.,,1.61,2131,14,2145,N/A,N/A,Correct abstention
Q53,What is the exact tuition fee for the MSc Enterprise Artificial Intelligence programme for AY2026-27?,unanswerable,ABSTAIN,,,0.5175,D5,1,ABSTAIN,I cannot answer this question based on the provided NTU documents.,,1.84,2447,14,2461,N/A,N/A,Correct abstention
Q54,Who is my personal academic adviser at NTU?,unanswerable,ABSTAIN,,,0.533,D10,3,ABSTAIN,I cannot answer this question based on the provided NTU documents.,,1.39,2103,14,2117,N/A,N/A,Correct abstention
Q55,What is the current status of my scholarship application?,unanswerable,ABSTAIN,,,0.3747,D10,16,ABSTAIN,I cannot answer this question based on the provided NTU documents.,,1.42,2173,14,2187,N/A,N/A,Correct abstention
Q56,What time does the NTU library close tonight?,unanswerable,ABSTAIN,,,0.4368,D7,4,ABSTAIN,I cannot answer this question based on the provided NTU documents.,,1.42,2567,14,2581,N/A,N/A,Correct abstention
Q57,When will the next NTU campus shuttle bus arrive at my stop?,unanswerable,ABSTAIN,,,0.3599,D4,8,ABSTAIN,I cannot answer this question based on the provided NTU documents.,,1.4,2455,14,2469,N/A,N/A,Correct abstention
Q58,What is the current SGD to USD exchange rate?,unanswerable,ABSTAIN,,,0.2794,D3,7,ABSTAIN,I cannot answer this question based on the provided NTU documents.,,0.38,0,0,0,N/A,N/A,Correct abstention
Q59,What is NVIDIA's current share price?,unanswerable,ABSTAIN,,,0.1693,D4,1,ABSTAIN,I cannot answer this question based on the provided NTU documents.,,0.42,0,0,0,N/A,N/A,Correct abstention
Q60,Which food stalls at North Spine are open right now?,unanswerable,ABSTAIN,,,0.2092,D7,1,ABSTAIN,I cannot answer this question based on the provided NTU documents.,,0.33,0,0,0,N/A,N/A,Correct abstention
